player_id,username,password,email
90,pipd,acli,aqiaska
111,claaskegro,swugreummi,swobreudricl
83,skisciclu,laon,esnoinaa
141,eswixa,eoxajv,fiqoye
32,qbe,uske,otrupr
35,zseu,uuskeasl,bloadrup
21,svustoxa,baswamre,clee
155,gga,creeb,upt
29,graesco,agboglapr,skatru
101,vkirg,siploofrek,swiplispoplu
11,ujq,ehfisp,fsaqdi
150,uuglooskist,taxustapz,mjoeste
53,hgesmuusp,noplooc,usnustas
68,beclau,usliedho,gjaspuepr
123,cxasmotru,bruu,briaskeasc
13,qduub,tsootaz,iifleseir
89,xqo,clao,oswee
114,yyoiwpi,eudruu,sloploegra
105,blaprepig,bruap,iswao
26,snijjoo,hoscoif,criplue
100,sceobrusmicl,erulcoscu,skadruk
73,ubrugroqi,ticr,swucviayc
65,eof,uazmabda,fusuqp
19,oewj,triurja,crublouskej
82,sbi,qoxea,exrisco
93,iesc,icreyi,hgeg
133,slouws,afreuprebr,priebtu
126,vwaxwe,gtosp,nro
97,ymaud,deisti,uusk
5,skoskudre,kaskaisl,yheismikv
147,mpasc,bqosce,skuo
14,uuv,qzuskupl,uwweznosp
144,scumqos,gluseism,pluydupp
128,fyoflieta,ueysusn,sablu
86,mxidroagr,snon,frudrust
135,epraclukni,goste,amib
64,icror,pluskuo,scoo
60,igsugpao,skoippe,pliaclefs
38,oblaa,usqu,bluiseefr
80,uscuucrubli,eyqi,cliwl
87,gpiacrisw,okgicl,ajlicauj
24,fread,yaplocrej,iflegjufp
59,tvoclai,blaplusnue,oufl
16,sulzomv,croscadre,smopr
8,oodrundi,uiv,wudr
152,gloucl,iosp,snopluiswo
50,clitrauld,skeh,swulmebeg
88,iagfeup,skesvizri,istiv
40,iswuusl,otreprep,uplaasmo
119,sweiz,egloe,oglauq
4,skifreas,ohfapve,lnacravfo
48,pci,druplaz,tcaj
102,wusxaa,uadriospu,truvxo
56,oemr,iljehast,zkusno
117,oflijibro,flar,friplaast
113,elej,edjoayna,flepr
61,shosmoepra,ucridru,bruipletv
91,gleswuscu,junlagzu,dropasw
20,slacuar,sosweosma,eum
94,gdi,rduebropr,spofeu
9,cleslofruapr,ouspocl,ufvismetru
1,frioske,asloflii,ansucravj
137,gluguo,fjui,bdolabm
76,ustiesl,yoeglo,ffua
70,ftix,augrafru,primsu
72,uofli,kasn,odo
47,praskokge,korozl,run
130,epleossa,qhomluz,keogr
44,qgebli,fluslixuub,zxa
139,plaovxuafl,pta,uuclafraq
30,crieswecka,gleprui,pciafu
153,swoib,lmau,ocraubriu
77,eyqodruju,stuuswiph,rridraya
120,uslue,mgi,uostascubv
108,plozguega,flek,scullac
41,xbe,fleq,djui
105,cleetreclu,xitba,glai
156,uxga,jyufrafao,blusyig
93,snaimuad,aujhusto,acodgagl
133,olvee,scefla,blostaspula
63,aigl,umapm,one
23,snascesku,ikutfusnu,zyatmio
126,yegletj,lma,boqruy
128,iuvvi,skuflotr,eitoclek
131,cbetpastu,eingok,crac
205,stufne,grezneuxa,spiawi
163,blespuhcie,stag,creyz
48,crajz,lpot,uepwa
3,swuuvda,aejxaspea,nxuskuos
87,swakm,jicrobla,fliu
117,wzubp,vseahta,kligah
136,ouflostagr,snojgel,snibrufr
158,agp,bxiewj,zaplo
211,ujwoajaq,hwupiot,enuflusmio
176,eflu,odulsiocl,gyaazmoe
5,uaglisp,snugrieba,yisc
32,pluswuo,drurli,cradroc
214,flewy,drozla,aals
180,epuxpe,fok,sticuzn
152,esjasw,oospiuxi,zkuikr
107,shia,wucre,ojobruj
222,traiswu,mmiakopl,smuurucrisn
171,snuizq,iplifgeu,troespes
143,uteubron,khu,estagr
221,crefrowz,clokdoo,skaafsoa
11,ffa,ustiacrizd,jne
61,skimrafli,vuswuubl,noph
219,plubsi,zosko,wsitocr
42,onosw,ipbuo,wfoe
40,yyitroaki,ggoo,wvaic
185,xda,oglua,scubre
121,stismesp,ynuifr,esnosl
22,eexladrao,swioc,omsogespe
140,inyo,flespoogl,ogriiste
13,aajovricl,ebledk,sseupr
166,swusyi,iusl,graspe
118,spooqo,plecreprufr,vgedr
186,oslogri,ariglublau,spemfiac
103,crosnasmaucl,brutuocl,truuc
174,ypecla,laztogro,jsospo
190,ufregl,oxepk,aasloro
217,flamew,skooskubl,rubr
153,scat,cluutri,domf
200,oew,utsesme,agluoksa
102,jotriox,icrufluuke,zfumd
204,ofla,sucloze,clastetreblu
85,yqipl,ylaidrej,trufraascax
60,iugraabratr,agrob,oqb
49,skiblitr,smesm,mocl
57,dyisk,mubbecregl,esaf
149,idrome,stoswuj,jiesn
114,ahr,asniispicri,oqge
51,otriidc,spui,elpa
75,dji,wcusp,eblast
82,bleduastak,xkijco,izmemi
193,praske,spisciple,flopl
67,rwo,lfie,stem
148,blusnoab,rdictad,prufospuipl
201,dmee,aifre,usne
146,froclaspaa,fij,plocre
79,glesku,scaucp,jpeo
138,oisnagri,gzigrigr,clouglausp
101,askuto,uustoam,tqaglest
29,uicra,afrem,siipri
142,eay,claclix,uscusnoo
35,prusl,snafia,triutelw
210,rwosto,nmifle,ebruay
168,hziu,groogotz,skesliiwe
155,smiosku,truplapf,ywaswo
182,arfeblibl,traq,oxeecre
119,bhosmiism,hcooph,graaswu
37,utriewosk,hxeehtic,tibl
9,snuyq,stasnaab,icxifj
220,eiblioblagl,oclad,uwismu
198,rhafle,hnak,oagx
110,slafl,uito,clegraegru
157,uuprayu,igriospeox,jlumqoj
19,orinadx,slexuho,fropri
98,iswuastiu,oolbuevl,smezlua
45,blobreyza,nurgajni,aswogru
224,smaglemheq,blovco,edroa
207,edratz,hjobrubrisl,sgo
38,breoy,apriflufr,twautrie
16,sloo,vnuslu,ubrotlaf
6,steljopri,easci,uyt
77,rawhei,clilho,lgoxkuflu
145,cee,itbio,rpacresta
112,uscae,ulronye,graiclegro
124,euge,hsod,prestaslesw
178,frihowr,stasadeslu,bxouqa
167,eof,fruspim,brahnaa
188,oeplaix,uiyq,fliuv
12,sluhco,dceowlab,oswii
26,atrieqma,iipligvoe,flofl
160,ltau,presk,scoslifl
53,xgaszoys,pleigli,snir
216,yyostuspa,snorgogr,flasci
70,stutgie,viu,orab
66,imdubta,oswu,snobru
96,asmuxku,uwp,skist
65,cleu,okwucrosn,oiro
47,iedtulz,auspe,oecbe
195,gliux,snaafrospu,crazvopb
54,svudria,vcuo,vescilma
4,usloxaw,fluhxuq,eusti
73,itruismab,scirdibru,kba
90,trou,czu,plaesp
9,smoobufr,jgonxoisn,iosn
159,tripr,clol,smist
61,ate,scuu,oosm
48,fhasy,owr,blegodrusp
149,resc,cakgaejp,einveyru
45,akwujz,gloaskeeg,rfe
115,ofausnaaw,oswarev,blafyi
21,eswuapru,biicle,drulq
68,zoisweprea,smistasta,eifliq
36,osmismasped,cviuclebre,ufraslu
64,bruokgexi,grahapraoz,troaskoafa
90,ando,fraurkoa,aglimbu
157,dookf,grecuc,znespui
101,drifl,twomv,iskibrutg
56,awn,aplasri,uqyuflo
10,mpumc,efreaspe,aplu
147,brat,ekuyz,uudreif
145,scesnaehti,exedew,wistetro
51,pavgikwe,ipluo,ohm
22,jeolieqi,slostidricr,wwe
132,spakr,frabraest,cupleoplo
24,swotrablo,viageslo,orhuk
78,scaple,smuicri,oagle
143,ltecrau,odjaslus,brujd
122,gtofziqe,ybomubl,eclaira
106,fdauy,drejgas,bruw
33,wbuclituw,ndogl,hey
67,luiployfo,zeebliatro,qwuo
98,cralvog,hlo,drothary
42,ecruc,grad,musmacruiy
82,snoordapli,zua,saisnuofl
152,iacrozm,ooswou,pleecliasl
75,xqo,treswe,skou
141,ratr,ostegl,gipr
12,aodr,nxuagedr,creoq
154,smolb,uadrec,tude
109,brefr,njopn,ibria
37,igit,eemi,glisnir
119,flaadriskust,ngeuxpod,xsa
125,vaah,swuk,sleqe
135,agf,frivjiepl,seglicloglo
57,idrumvi,cpacco,euzbifle
1,kqebreguo,iel,rora
38,sceqfuvq,efy,jwifr
4,miefligsi,cpoosifru,plitwoapro
111,cloflifl,buq,inpapr
140,skirolb,wliblu,zjuk
54,iodrelb,hdoblo,cqii
95,oah,criv,ascesc
137,criskosm,uizicreisw,sonfeo
87,cripriabre,scoupl,iqxuye
25,guuh,uufrixda,uade
18,enqoblu,vilmi,pdi
117,bcesmo,vob,blople
131,ogroanl,ismeupl,blexb
47,lcugl,spucluetra,iublurro
27,tqocnepr,gluispasl,fraitre
142,swescebl,ydewu,uewyuo
30,eciukzoe,trit,kjabraw
6,gluibijw,blafl,flixaproe
85,bloplib,wnoidriski,uigrej
113,ghixifk,icri,aqeidr
112,swuzuw,plostifto,ktuadnist
120,adrublavje,gkuo,aegco
72,wfoble,skeazxiusw,osniw
139,iubloikzi,smowesci,czaru
20,lyilm,jkedrud,xsi
104,oest,ploefsil,obri
15,plascafl,icueyza,jien
70,stubcusnay,uebl,yjuqs
39,cyiiwv,vekmesco,safregl
92,hpuswitrist,isli,gecao
52,pluj,dreg,wafluidza
65,drobliscu,aswatraica,dce
99,tji,spoe,iplepr
80,oabjuagd,lvuic,blel
138,scuoqa,ofyoxx,pigw
128,iuc,euflefl,lah
58,ajledeq,clue,ecripl
11,uhvacd,onfaograd,groibfaw
7,krafao,ofapm,uothaa
152,slokk,uriisp,zwena
319,jvobrak,droo,iowfiisw
7,ifzaibl,troclieqo,atiusp
285,ijkeyxe,icra,brueflidda
289,skeupr,bruiscuz,jau
32,spabrouho,uscudr,fuk
291,vquqlino,iebrewrac,geglecrufu
185,prabi,plagitres,eup
270,jrae,fho,flojnust
278,iskefre,uinwesnoa,hheycozz
28,snafriv,oduswoag,yridr
53,graugrui,ckin,mlaotu
190,wislie,oclapxa,iswey
94,caeqo,ecla,snos
143,slitiskegre,fav,xyabwoij
40,glusmaust,qocaxgur,scooxe
9,lqigh,jrupro,pruajusco
163,mtosk,leilxeifl,pueqaim
56,dqe,eogrez,ohjovot
229,rosm,etfeufr,feur
131,okt,ostei,vmozm
147,frelwabru,qkust,aclosofli
328,scatosnu,begliek,bvu
277,scesk,oij,orx
251,eslo,spatrozi,mifi
338,uoz,agluteev,ufluz
38,wasm,asaflaac,froq
367,swimeslobr,tehwu,druc
313,jduflad,aclu,snoarxeaw
220,scucrastov,fluasp,cribe
222,igesma,sposliy,axk
238,criaheusme,vfigigloa,iugfoud
81,vkeflusker,cleclusm,grae
242,scow,skoestaim,refr
316,oifl,haufesl,snasl
126,ytunvucl,byiisoubl,aacracun
274,fruceod,flefyofi,treplucn
284,odakhu,bleslame,ospiuyapn
353,zkocliu,trejdaosm,aucmuezd
102,aiqg,hxaosta,profnaglaa
52,sluxki,slibreaspo,triuslusn
332,glurj,frozke,flea
104,skeejhist,frait,spuv
106,urmin,bceestur,ibrom
355,prubluubl,uasloal,uniqxoi
17,spimt,grurofroq,zguyad
226,uste,glisrepra,eywimugra
11,xheip,spee,eodruescu
254,usne,glufro,jnuk
180,evki,udrisli,wyuayq
154,spicloxvo,ablaakx,orfis
364,gliydost,vqafla,txuoswo
145,oskosloa,brascesnasci,cleg
296,grascalo,ixuble,uugruugro
78,presc,caqa,edrabhok
88,wgicloo,otei,osneloigl
308,prep,uapbenb,speap
31,flaat,cxaufrufq,uuscaxb
146,vanispu,idrab,sge
339,vsokga,scevguur,joscuslobl
87,scah,isci,xao
276,iiy,ismeddeu,vwoxxuisn
111,uclacr,sloclisc,flasmeslopl
302,mfayse,fradruk,plovbesnuq
140,ifrafy,gleicrio,bliufkepl
69,smeobusla,cge,treirdegz
167,skousl,zicliott,eucrio
99,pgasleu,frozj,oproh
267,gzietrayh,duuglecli,uopr
89,megrosp,iaruskei,iwfigrub
72,iflaslinb,sposi,breesm
83,eclacl,bleslakqu,eocloslils
35,dveswuo,stabl,eabwuusp
283,phofrocr,ohzuo,acropu
232,iscued,snuspocv,ekqe
333,urnubu,eecy,pricl
275,clust,iemjisp,sniglauslepr
73,sloa,gluapb,keosji
86,froecciz,brezrefu,brorbasmefl
258,auploscuabl,prou,qquspust
311,drebl,bhuc,odrusnagr
325,empedrolr,pdai,ymoa
317,rakiawxi,neaba,duye
244,esmu,tzosmea,amnipr
324,ilx,dsikropr,ophugrusw
119,esmaibho,lwosmoj,raxgadta
122,qwalu,trertapdi,ggasneat
262,ofliw,mowax,twagli
12,swaske,eospiat,uibqafv
58,sqa,cluubri,gpa
54,kgisruub,etrawhobr,aovn
144,fragafr,gruzwivon,iuy
257,fruuslekwi,creploopy,omlocsug
260,iebliac,xei,kyemisu
314,smume,whacifl,friubrihm
157,spusmosw,vepveodri,asta
207,greswoebriw,cox,ciorusweu
108,wqilsuusn,blocriw,huxzum
343,rlotri,uscobreuz,hoskebdo
137,ujnat,smuqlesn,hwine
248,qvut,apletre,zoa
225,astubl,isjid,jfacrucrea
63,sniscorw,flocr,plor
49,pai,utimi,istespiz
206,ubruj,blexaflu,jpe
187,xustii,igli,slef
352,zasc,fooqd,apfe
360,qabrisp,smisnu,oaslosm
255,erbazo,askocr,vqimlu
217,greispa,grisc,sceyfuk
235,oagl,reo,eezfo
196,owuepro,zaskepl,zyau
175,iple,kdaaposp,skacruyl
115,ioswuvast,latf,skeepre
342,glaenzi,creclupi,vxaabli
346,tsaubros,swifl,spasxopl
64,audrayoi,pyanviclo,blojfejd
305,mha,blav,lvo
66,pbiesm,skitrisw,oscusli
349,hnopliki,scecle,stousc
322,breasp,yuaboe,gruscuyji
23,scosk,ducloknof,obre
249,thek,vfut,yiplisqa
135,iklocliswi,osnetrutru,triablexz
273,qyurxez,loismi,liskiskua
15,eawlaasto,skicroswotru,troasteerc
336,pruso,fnisci,nsa
75,gequos,flioljan,acrukp
177,eswu,rqousn,iepaoslo
199,swaska,pleatroa,zvasadre
158,zeiplufl,snarveisko,amd
202,grotwoiscu,aodralc,icrijpue
280,eplura,gloetoiswa,swavraqw
247,trinrazj,utrigle,tzast
65,scuadu,nhearzuo,pciotra
358,blogruiskos,grih,rrodro
129,drocxifrisp,fluspeolp,plocd
203,hluq,stofl,grujq
2,plastagra,igrusk,sluiydo
300,prihxoa,drovcao,iscedvu
149,oitr,afriy,ujn
241,hasnefdui,uvaav,slilestud
91,kpuqa,lvasw,eblequad
61,oostifgoj,dreiwlow,glummisw
43,ofladriaqi,slebriiflo,spiislet
171,sviarnui,vigluohi,iacb
210,cuxn,cfea,eyresfe
170,xfifleixe,gleplohwu,upruf
161,globmia,flofrougl,liipribpe
166,yagraebn,gleq,dgewvasn
214,pnaeqvetr,priifl,dresyov
45,zuo,scidra,yiasmospau
128,lmoisme,sliflilxu,acu
297,primvotl,aebrustic,plabe
293,egluliu,braablocroi,ddi
5,spasm,zticreosm,stogq
281,paoyemesc,ausnu,vlijuln
253,lxosmecro,use,gniez
141,rzi,asteucliv,driakf
172,trepluade,flicsi,voipluuswe
363,oupleglaoz,sceswiabbu,iswas
133,druusiaxo,snew,mseuwoax
123,bliprinliq,mloe,icremocr
287,groxzua,scasi,augrugla
3,cluflocruih,nvicla,uuskepasn
330,sliacloblasl,kfeplo,skistauhdo
160,frikeeg,oograbla,uqi
41,smiwapdo,tuucre,aexgiobli
46,cbiede,gfoflikt,snoeproosmi
193,groihi,dtihmixf,snifropyoo
130,skou,slom,inkai
60,rguorg,jaw,yeodroasli
118,juogre,sceu,fuofliclea
264,ibloabl,crogici,kfadrobmu
25,sqosmo,oasnefku,loe
113,npebresn,aqkila,zifdep
20,lfefrenog,nyizwa,greugl
27,praafhiiq,rafu,oblo
96,ihbadkia,ouk,slinnortu
213,egror,swisluspiocr,aabosle
182,uobrozidro,roucre,mcooslu
366,scemmu,yhobfou,fliefi
365,brisca,vka,jwie
37,ycaga,gxa,eqkotyie
269,bliovzalp,eblu,flaasledr
255,grualwa,swoipla,cioblux
71,bliisto,okoq,prok
391,eplevne,qosw,tosnofra
233,ymepl,oeqsocl,iusmogl
88,blibr,muavica,aesmaswefl
48,preicl,smitraspirs,uhhopridri
181,gluyeuke,apitr,ikeswo
100,preecra,bragree,otcesmisma
138,crufrastu,cresneslosle,bluivup
266,snuiylai,dwisla,hnegraifri
398,dfiaflijm,elo,exsebleswu
28,ibregl,fcijdock,mse
277,oiplaigoo,pkeasc,pliqusnaswe
352,drojaclie,truo,iid
320,eskiprovao,keigleusp,scozeablu
190,lif,trewecricl,aslabrojti
23,fruslepreugl,yreec,ktoiswap
372,usgek,opresli,spicroscap
236,eihiibosc,sleu,oetzouc
160,blis,creab,ctiiskusw
42,omze,stekdaswu,otrau
92,keugle,qniral,wfelfoa
263,lxuist,ahasmo,lvosm
108,abrafq,bloaqqu,penfeli
227,promuagr,npaxne,oslacya
52,skiosc,usmisteegr,cavya
199,stajr,floonx,xaj
287,eflesnioqd,edree,bsa
368,asmoitba,smoblucsi,iiswee
102,gludrofli,toofla,esnoq
69,ujrunl,triswuukj,egraetw
336,aploam,skuvr,iaplead
145,spoploe,zoslaabr,mroswulf
174,efrefrasnia,zbosw,vrusio
231,ozo,snixkiacl,smirhuoti
89,asma,stadrur,min
36,jufrors,snokco,spufucr
114,uusziwn,skogl,ltoswo
129,tzeplaupla,dreg,scoylegli
302,jqii,pudipl,ogsusn
211,zeispi,idrucli,jexegnut
380,oswiot,gruproaf,sceupla
176,pluhuspi,hsabra,ecauzue
310,pnud,especrit,dresno
274,hlohvablo,bim,nseipee
146,lehxicz,oigreskufr,sneopra
62,ezcul,clereb,cluosw
383,bloktoi,easwewaisc,czatufret
273,uqba,keyke,smasli
26,kxouygip,neoblasmig,floqco
60,afloispikl,bdeisw,drarvane
127,ixm,agro,yvisce
76,tzucmuspe,apai,hjaspospo
57,vnodresce,mxoigl,spismezgugl
59,ubxoucz,elfozyi,uxferx
86,efo,fjuej,kaprit
5,abriatyucl,oclubr,graetr
309,trupuk,kqak,eefxeo
347,iysoq,mfipreq,oogleosti
249,bruuglievi,eifu,swousm
80,gleyue,cispipra,ctese
66,ryafeigl,usna,vae
175,rhauv,oqhabui,steewavuu
44,swaesne,zzo,flomwetruz
283,etuabluzt,loikgeslo,hwa
164,iopric,dbogr,jpag
166,sra,frutraflo,obrej
33,stibkuble,skeplaso,prolesmo
344,otruglepr,kjaa,elueyd
370,iegrolnu,swisma,wuhr
392,bkiuwzum,ofzoojl,stigludiil
305,ebrocix,skumw,stuafreeski
367,drask,vnie,lsaxipl
209,erufr,zsei,samsajit
279,mqenpegr,ywe,skipleclie
185,ucleable,astuacr,oetr
182,ogricesposk,xif,snajgisnai
118,esonalu,oblostu,fletrim
374,rqaluig,iswa,kle
216,bzonmai,muwrajb,brewueje
112,fni,glo,syeo
350,uorutriec,iclebro,troudwutx
105,vpeunkupl,otog,ttoblo
132,gau,vsozfopr,ipw
213,traobrie,clugla,omveswiofr
22,juhisnutr,eglonuusca,oesceh
131,doefrafz,oibjotyo,flaospocji
83,nkeiclo,skadie,movgobria
161,aclalcuasn,bwestupr,clouslegr
178,obli,plasteclacr,swini
157,gleclefr,kpucjuist,jaospoo
272,clox,fvostoma,flucasweup
111,vwukaapla,hcosl,uqme
121,uumfiase,pliz,xzu
167,bric,oighegru,egrifreswaj
280,earf,ysiismo,scouvgep
193,ffiplaprei,isnefrii,brousnedrug
377,oan,thufl,vwaxw
148,ioclu,spustibce,aimfosp
156,snaadre,pruuflifd,snuwos
219,cdacruacr,tzabfaxv,wofraedraj
260,smeisp,asme,niblu
245,frioceogl,scepl,xcukcu
385,tfilaa,zniclea,uplikwegle
141,fhihtujj,xusmufreo,yavfifka
388,craq,usrocre,weescast
275,xzoubr,snakb,ijiucrub
291,prapkocl,obatraecx,mji
267,floenvist,viuhmost,snootrad
3,gruuslidr,flipluavdo,plec
221,xutnir,spoipru,abli
56,airyo,drucluco,atd
63,mseislo,ars,arfagregr
355,rkeeswegl,stogledru,dreo
125,tmaodr,frozxaift,bbasceujq
307,qnedbu,gqaefl,gromlosko
296,irxivo,qnaekbuu,aucr
187,whiwseem,skicru,sciglaglosn
316,uxqoprotk,pyouspam,cruscux
341,ogliuf,fqaisk,smuys
172,aobr,skuhroaq,iut
39,proeskocr,iwh,kdupl
183,ounfeic,usliifl,bluadl
258,epluya,prev,aoqx
271,frumou,yiglia,ugs
328,orzeof,yliux,udguyti
115,sweglii,ecrayv,ebroi
208,cliestias,skeb,plafrezi
123,sxucreocle,uspio,ite
50,gletb,floxe,plaoloqp
46,drestirc,zeifl,sliz
7,asnaucri,pasweiru,igle
78,sufr,plablisk,plawu
135,utma,snofl,oplixye
293,gjiobraisw,akwi,bnedr
292,jbuclomv,drawbada,oin
212,etxoa,yrudr,stom
97,ofruoblemf,hwoaml,cecoswo
243,pjesp,uutquz,hgop
147,snuaj,isce,gyoacfi
282,flasnio,ejsir,fbote
358,edrincasla,asko,xtiru
224,xoe,bruflabligro,cluskeodraa
333,drusutnu,ixo,ubw
362,oregrub,agruiswagro,ufrikaglii
94,yraudrijf,sel,espa
359,disk,blieswu,osluusca
331,uapro,platruu,uxuvbi
196,zmi,espapb,acra
311,tuiplogleh,scefl,smeicloum
30,osla,haf,studf
130,smugze,ciu,eaprebr
19,cluwca,ooke,eplem
45,zwuno,iskursazm,stabdeigi
239,ougroir,estae,rwip
8,lze,clocr,ospi
300,igloqkogri,dma,porecl
299,moosm,esmabosp,faclugl
169,blukaqhot,fhujwespu,pviu
286,uakxiefl,yeclaafwe,grecu
152,scoskui,xnublaywo,eoflepli
240,pradbacle,osnusp,flastu
13,plepaebla,ipiasmo,oupriww
149,xighuogra,clago,mhaj
74,fqoopruc,rfia,rlasla
206,drafrosnucle,mre,qzouz
93,swofliadrutr,snoow,blispiz
53,nge,ami,ablu
16,quskosc,aaswe,jogruwp
401,stuft,qodki,amzigko
203,zedrohujf,eozbapl,cludrisi
134,snufl,grimc,ueglogrogl
228,slufrucr,skoe,arcew
153,dqafuzw,ujmii,ispuz
113,xoslagro,escajo,spiu
313,aaqre,statrag,hso
252,blesw,scaefroud,wbotj
323,iclegl,yastospou,qsibi
319,slosl,luusce,wiaflov
348,apruipl,rlisci,swe
399,eabam,vtutv,moom
290,aosnuodpu,uiscu,osxio
326,sse,vetrespu,lka
395,dtivad,oudogro,pyuplu
142,ermauswagl,xqi,scadridf
137,froitrubr,bsuo,aucracro
376,smizispo,preclanb,oktaglerx
10,blaoflegle,grosl,slaasn
248,wni,druvismotr,grit
201,ausnoesnaa,kgucriugru,troriitro
338,eeykeu,slai,cropl
91,eamoufretr,obraw,cloepta
122,abloum,xlaipgu,zzeslifl
